,cluster,UMAP_1,UMAP_2
ATTCTTGCAGACCAAG_TSP14_Liver_NA_10X_1_1,1,8.373976,6.7810955
GCAACCGGTAGTTACC_TSP14_Liver_NA_10X_2_1,5,14.834769,5.028137
TTTGACTTCGCGTGAC_TSP6_Liver_NA_10X_1_1,1,8.275855,6.777242
TATTGGGGTGAGTAGC_TSP6_Liver_NA_10X_1_1,0,5.7775936,4.1169114
CCGAACGTCTCTCCGA_TSP6_Liver_NA_10X_1_1,1,7.945648,8.526263
CTGTATTCATTCTCTA_TSP6_Liver_NA_10X_1_1,4,9.538482,12.754185
ACGTCCTAGCGATGCA_TSP6_Liver_NA_10X_1_2,5,13.340569,5.597273
TCTATACAGCTGGCCT_TSP6_Liver_NA_10X_1_1,0,7.0350456,3.8371239
GAGTTTGTCGTCCATC_TSP14_Liver_NA_10X_2_1,2,-2.4282336,4.78977
TCCATGCTCATCGCAA_TSP14_Liver_NA_10X_2_1,2,-0.6962128,4.8144526
GGCAGTCGTCGTCGGT_TSP6_Liver_NA_10X_1_1,1,9.265829,7.6408772
ATTTCACGTTGGGAAC_TSP6_Liver_NA_10X_1_2,0,6.6855583,5.7345915
TCAATTCGTTAGGCTT_TSP6_Liver_NA_10X_1_2,1,8.215101,8.083522
CATCCCAGTTGGTAGG_TSP14_Liver_NA_10X_2_1,2,-1.056985,5.6764116
CATAGACTCTTCTGGC_TSP14_Liver_NA_10X_1_1,3,5.258504,1.3540037
TCAAGACCACCCTATC_TSP6_Liver_NA_10X_1_1,1,8.516778,6.6400003
AGGTTGTCAATAGAGT_TSP14_Liver_NA_10X_1_1,1,9.538461,8.325256
GGAACCCGTGTGCCTG_TSP14_Liver_NA_10X_2_1,3,3.8618815,-1.6720502
GTCTCACCACTATCGA_TSP6_Liver_NA_10X_1_2,4,8.950628,10.780986
GCCCAGATCGTTCCTG_TSP6_Liver_NA_10X_1_2,4,9.798671,12.962097
ACAAAGATCGTCGACG_TSP6_Liver_NA_10X_1_1,4,9.525559,12.074094
GCATGATTCTAGGAAA_TSP14_Liver_NA_10X_2_1,3,4.637419,0.35985336
GAGCCTGTCTTACTGT_TSP14_Liver_NA_10X_1_1,1,6.7276716,8.115727
TTTGTTGGTTGCAAGG_TSP14_Liver_NA_10X_2_1,2,-0.6046773,4.25376
TCAAGTGCAGAGTGAC_TSP6_Liver_NA_10X_1_1,4,9.514899,11.820292
CACTTCGAGGTTGTTC_TSP6_Liver_NA_10X_1_2,1,7.2968397,7.678644
TGTTTGTAGGAAAGAC_TSP6_Liver_NA_10X_1_1,1,8.817326,6.195315
GCTACAAGTATACCCA_TSP6_Liver_NA_10X_1_2,0,7.0688696,5.7228804
CAGGTATGTGTCCCTT_TSP14_Liver_NA_10X_1_1,2,-0.5852267,5.0644317
GCAGCTGAGTCGGCAA_TSP6_Liver_NA_10X_1_1,0,7.163476,5.247541
AGAACCTCAGCTGTGC_TSP6_Liver_NA_10X_1_1,0,7.0627236,4.9909997
GCGAGAACAAGTTGGG_TSP14_Liver_NA_10X_2_1,3,4.849796,-0.5869572
CAACCAAAGATACAGT_TSP14_Liver_NA_10X_2_1,3,0.39562964,3.9950163
AATTTCCCAAGAGATT_TSP6_Liver_NA_10X_1_1,5,12.453791,6.017942
CGAGTTAAGATGAACT_TSP6_Liver_NA_10X_1_1,1,8.700603,7.387229
TCTGTCGCACTGGCCA_TSP14_Liver_NA_10X_1_1,6,8.021821,1.3113029
GCTTCACCAGTCAACT_TSP14_Liver_NA_10X_1_1,2,-0.3661494,6.0873036
AGGGCTCCAATGCAGG_TSP6_Liver_NA_10X_1_1,0,8.026503,4.726657
GGTAACTTCGAGATGG_TSP6_Liver_NA_10X_1_1,0,7.2024283,4.6650987
CATGGATTCCGAGATT_TSP6_Liver_NA_10X_1_2,4,8.998251,11.998052
AGGTAGGGTAGGTAGC_TSP6_Liver_NA_10X_1_1,4,9.562016,12.383263
ACCTGTCGTTGGCCGT_TSP14_Liver_NA_10X_2_1,1,8.252161,6.151638
GTCTAGACAGGTGACA_TSP6_Liver_NA_10X_1_1,0,5.661644,5.0276237
CAACAACAGAGCATCG_TSP6_Liver_NA_10X_1_1,0,6.9618874,3.3695877
ACTTTGTTCATCGACA_TSP14_Liver_NA_10X_1_1,2,-1.2365304,5.2619014
CACCGTTAGGAATCGC_TSP6_Liver_NA_10X_1_2,0,6.2199283,5.429442
CCCTCTCGTTTCGCTC_TSP14_Liver_NA_10X_1_1,2,-1.0959156,5.720041
CTCTCGAGTTGTGTTG_TSP14_Liver_NA_10X_2_1,3,3.689676,-0.8769851
CGATGCGCACTGGAAG_TSP14_Liver_NA_10X_1_1,3,4.435862,-0.77158153
ACCGTTCCATCCGTTC_TSP6_Liver_NA_10X_1_1,5,12.822228,5.8601255
TACGCTCTCACGGAGA_TSP14_Liver_NA_10X_2_1,4,9.002378,13.184738
GAGAAATCATGAAGGC_TSP6_Liver_NA_10X_1_1,4,8.936443,12.956491
CCGAACGGTTCCTAAG_TSP6_Liver_NA_10X_1_2,1,9.107855,8.241544
TCGAAGTCATCGATGT_TSP14_Liver_NA_10X_1_1,1,7.230606,8.780421
ACTACGAGTAAGGAGA_TSP14_Liver_NA_10X_2_1,2,-0.06563354,5.323519
TCATGAGTCTGTAAGC_TSP6_Liver_NA_10X_1_1,1,7.118351,6.7776246
AAGTGAAAGATAACAC_TSP6_Liver_NA_10X_1_2,1,8.45524,7.6386633
GACCTTCTCTCCGAGG_TSP14_Liver_NA_10X_1_1,3,4.685743,-0.014003068
AAAGTCCGTCCATAGT_TSP14_Liver_NA_10X_1_1,2,-1.5890417,4.407935
ACTGTGAGTTTGCAGT_TSP6_Liver_NA_10X_1_1,0,6.16533,4.4113655
AGACAAATCGCCGTGA_TSP6_Liver_NA_10X_1_2,1,7.898835,8.757428
TCGCTTGCACACACGC_TSP6_Liver_NA_10X_1_1,1,8.885412,6.4598055
ACCATTTAGTAAAGCT_TSP14_Liver_NA_10X_2_1,2,-1.5582497,5.7071676
CCACGAGCATGACACT_TSP6_Liver_NA_10X_1_2,0,8.061982,5.286902
GATGCTAGTGGATCGA_TSP14_Liver_NA_10X_2_1,2,-2.1708484,4.3499646
CAGATACCACCGAATT_TSP14_Liver_NA_10X_1_1,2,-1.8662905,4.877509
ACGGAAGTCGTGGGAA_TSP6_Liver_NA_10X_1_1,0,7.360256,3.6160126
TGAGACTAGGATATAC_TSP6_Liver_NA_10X_1_2,1,9.239127,8.968659
TCGGATAGTGTGTACT_TSP14_Liver_NA_10X_2_1,2,-2.4306214,3.9794455
AATCGACCATCCGAGC_TSP14_Liver_NA_10X_2_1,3,3.980858,-1.1983303
TCGGGTGAGTAAACAC_TSP14_Liver_NA_10X_2_1,3,5.460718,1.948232
GGATCTAAGGCGCTTC_TSP6_Liver_NA_10X_1_1,0,6.147879,3.4734423
AGCCAGCTCCTGATAG_TSP6_Liver_NA_10X_1_1,0,5.5561237,4.225009
CTGCAGGAGGACATCG_TSP14_Liver_NA_10X_2_1,5,13.468793,4.639326
TTGCCTGAGCGTATGG_TSP6_Liver_NA_10X_1_1,0,7.885218,5.211622
ATCGTAGAGATTGATG_TSP6_Liver_NA_10X_1_1,1,7.6574593,7.049971
TAGCACAAGCGAAACC_TSP14_Liver_NA_10X_1_1,1,8.920929,7.238457
GACATCAGTTGACTGT_TSP14_Liver_NA_10X_2_1,5,14.774236,5.1496754
TAACACGCAGCACAGA_TSP6_Liver_NA_10X_1_1,0,9.162436,5.7217083
CATCCACCAAGGTACG_TSP6_Liver_NA_10X_1_1,0,6.883813,4.9485364
ATGGTTGTCCCTCTAG_TSP14_Liver_NA_10X_1_1,1,8.830207,8.516397
AACCCAAGTATACGGG_TSP14_Liver_NA_10X_1_1,6,7.9279385,1.3826348
AAGAACAGTGTTTACG_TSP6_Liver_NA_10X_1_2,0,7.023516,6.12419
ATGAAAGGTGGATGAC_TSP14_Liver_NA_10X_2_1,1,6.938976,8.626395
CAGGGCTTCTTCGACC_TSP6_Liver_NA_10X_1_1,1,9.109121,6.901465
TGCCGAGGTGTGAATA_TSP6_Liver_NA_10X_1_1,0,5.6567864,5.2558055
GAAGCCCCAGAGGACT_TSP14_Liver_NA_10X_2_1,2,-2.1922088,4.595645
GGGCTACTCGTAACTG_TSP6_Liver_NA_10X_1_1,0,6.773796,5.92217
GGTGTTAGTCAAATCC_TSP14_Liver_NA_10X_2_1,2,-1.7065798,4.0666885
TACTTCAAGTGCACCC_TSP6_Liver_NA_10X_1_1,1,8.380681,7.2169085
ACCCTCAGTCTAGGTT_TSP14_Liver_NA_10X_2_1,6,8.575096,1.3098645
ACGTTCCAGAACCCGA_TSP6_Liver_NA_10X_1_1,3,2.7604616,-0.91731924
GTCACGGTCTCTCTAA_TSP14_Liver_NA_10X_2_1,3,3.5314608,-1.7342737
AGCATCAGTACTGCCG_TSP6_Liver_NA_10X_1_1,1,8.419173,6.916858
CTTGATTGTAAGGAGA_TSP6_Liver_NA_10X_1_2,0,7.532639,4.539931
TGGCGTGGTTGTACGT_TSP14_Liver_NA_10X_1_1,2,-2.126329,4.2023025
TGTGATGGTGACTATC_TSP6_Liver_NA_10X_1_1,1,7.453559,6.3720703
TGTAACGTCCTACCAC_TSP6_Liver_NA_10X_1_1,1,7.369902,7.9387546
GTAGCTACAGACCATT_TSP14_Liver_NA_10X_2_1,2,-1.2499573,4.815339
TTCGATTAGCACACCC_TSP14_Liver_NA_10X_1_1,2,-0.77625966,4.877804
CTATAGGCAAGGTCAG_TSP6_Liver_NA_10X_1_1,4,10.053097,12.988117
GCGGATCTCGTGCTCT_TSP14_Liver_NA_10X_2_1,2,-1.4281343,5.4031987
CATTGTTTCGGATAAA_TSP14_Liver_NA_10X_1_1,3,3.3456485,-1.3693073
AAGCGTTGTTGTCAGT_TSP14_Liver_NA_10X_1_1,2,-0.99150383,4.5399265
ATTTCACTCACCTACC_TSP14_Liver_NA_10X_1_1,3,4.132084,-0.5785329
CATAGACGTTTCTTAC_TSP6_Liver_NA_10X_1_1,1,6.6919894,6.59195
CTCCACACAGAAGCGT_TSP6_Liver_NA_10X_1_1,3,3.573676,-0.97836363
GTCATCCCAAGTTCGT_TSP6_Liver_NA_10X_1_2,0,8.961203,4.5319176
ATTACCTAGGTCTACT_TSP14_Liver_NA_10X_1_1,1,6.9218636,7.344824
TACGCTCAGCACACCC_TSP6_Liver_NA_10X_1_1,5,12.765151,5.9585214
GCGTGCACAAGGGTCA_TSP14_Liver_NA_10X_2_1,2,-0.8613306,5.3409038
TSP6_Liver_NA_SS2_B113468_B133908_Epithelial_O17_L001,5,12.773739,4.947866
GAACACTGTAGTCCTA_TSP6_Liver_NA_10X_1_1,0,6.587779,5.488642
TCGACCTAGACTACCT_TSP6_Liver_NA_10X_1_1,1,9.333299,9.389177
GGTTCTCTCACCCTTG_TSP14_Liver_NA_10X_1_1,1,7.8682075,8.716453
GAAGCCCGTATGCGTT_TSP14_Liver_NA_10X_1_1,3,4.975634,-0.80680925
CTAGACACAAGTGACG_TSP14_Liver_NA_10X_2_1,2,-2.2997541,5.1651382
CTATAGGCACGTACAT_TSP14_Liver_NA_10X_2_1,1,9.481506,8.4951515
CTCCGATCAAGGTACG_TSP14_Liver_NA_10X_1_1,3,3.0581195,-1.8978472
GCATTAGAGCAAGTCG_TSP6_Liver_NA_10X_1_1,0,5.64406,5.4705615
GACACGCTCTGCTTTA_TSP6_Liver_NA_10X_1_2,5,13.283169,4.77077
CATTGAGAGATTCGCT_TSP6_Liver_NA_10X_1_1,5,12.925925,5.506386
TSP6_Liver_NA_SS2_L144744_B133819_Hepatocyte_C3_F5_L001,0,8.499497,3.2406867
CAGTTAGGTAGATTGA_TSP6_Liver_NA_10X_1_1,1,7.4637694,7.0753155
TGGATGTAGGGCCTCT_TSP6_Liver_NA_10X_1_2,0,8.259062,5.229165
TCTTAGTTCACAATGC_TSP6_Liver_NA_10X_1_2,4,8.677975,12.140576
CGCCATTGTCCATCTC_TSP14_Liver_NA_10X_2_1,5,15.0875845,5.1571383
TACCCACTCAGTAGGG_TSP14_Liver_NA_10X_1_1,2,-0.06873044,5.7894745
ACCCTTGCAACCTATG_TSP6_Liver_NA_10X_1_1,1,8.044962,7.4453483
CGTTGGGCAGCAGTCC_TSP14_Liver_NA_10X_1_1,3,3.9298205,-1.614264
ACTTCGCGTTTGACAC_TSP14_Liver_NA_10X_1_1,1,9.328898,7.653153
CCTCTCCGTTCAGCTA_TSP6_Liver_NA_10X_1_1,1,7.159865,6.0889854
GCGAGAACACGTAGAG_TSP6_Liver_NA_10X_1_1,1,8.581163,9.379755
CTTTCGGGTGTGTCGC_TSP6_Liver_NA_10X_1_2,1,9.297012,7.972945
ACATTTCGTGTCCACG_TSP6_Liver_NA_10X_1_1,0,5.7903743,3.3010542
AGACCCGTCCGAAATC_TSP6_Liver_NA_10X_1_1,0,5.9231687,5.394108
GGGCTCAAGAGAGCGG_TSP14_Liver_NA_10X_2_1,0,6.720042,4.386078
TGTAAGCAGAGCACTG_TSP14_Liver_NA_10X_1_1,3,2.9705513,-1.6537943
CATTGAGAGGGACAGG_TSP6_Liver_NA_10X_1_1,0,8.446549,4.4722857
CAAGCTATCTGTAACG_TSP6_Liver_NA_10X_1_1,4,9.062223,11.915524
CGGGACTAGAGTGTTA_TSP6_Liver_NA_10X_1_2,0,7.349964,4.5434375
CGGAACCTCCTGGTCT_TSP14_Liver_NA_10X_2_1,4,9.759921,13.173153
TGAGACTCAGGGCTTC_TSP6_Liver_NA_10X_1_1,0,7.6660476,5.9451265
GGCTTGGGTTCTCGCT_TSP6_Liver_NA_10X_1_1,0,6.8429413,4.177123
AGCGCCATCCCAGCGA_TSP6_Liver_NA_10X_1_1,0,5.815158,4.565753
GATGACTTCCGTCAAA_TSP6_Liver_NA_10X_1_1,0,8.067038,3.7158146
CTACATTAGAAGTCCG_TSP6_Liver_NA_10X_1_1,0,6.941921,3.737933
ACACCAATCATTCTTG_TSP6_Liver_NA_10X_1_1,1,8.354209,7.9591656
TCCGATCCAAGTATAG_TSP6_Liver_NA_10X_1_2,1,7.8081923,8.991495
ACAAGCTTCGGCTATA_TSP14_Liver_NA_10X_1_1,3,3.5979223,-2.1512883
CCGGTGACAGAGACTG_TSP6_Liver_NA_10X_1_2,0,7.341848,5.309662
GCCAGCAGTCCGACGT_TSP14_Liver_NA_10X_1_1,2,-1.9325262,5.229033
TSP6_Liver_NA_SS2_L144737_B114853_Hepatocyte_B3_J5_L001,0,8.684395,3.385211
GTGTAACCATGACAAA_TSP6_Liver_NA_10X_1_2,1,7.740766,9.010307
TCCCACATCACTCTTA_TSP6_Liver_NA_10X_1_1,5,12.586872,5.9811106
GGGTAGAAGGAAAGAC_TSP6_Liver_NA_10X_1_1,0,7.755472,5.5677986
CCGGGTAAGGTACTGG_TSP6_Liver_NA_10X_1_1,0,7.3738956,5.554776
GTAATCGTCGAGAAAT_TSP14_Liver_NA_10X_2_1,5,14.743254,4.9406986
CACTGGGGTCAGGAGT_TSP14_Liver_NA_10X_1_1,3,4.7634444,0.15883899
TTTAGTCAGACATCAA_TSP14_Liver_NA_10X_1_1,2,-0.47280735,5.309295
AGCTCAATCCGCGATG_TSP14_Liver_NA_10X_2_1,4,9.865838,13.079889
CAACCTCCACTCCCTA_TSP14_Liver_NA_10X_1_1,2,-0.1694931,5.119406
AGGCTGCTCGTCCTCA_TSP14_Liver_NA_10X_1_1,2,-1.4004273,4.288994
GATCACAGTTGTACGT_TSP14_Liver_NA_10X_2_1,3,2.0352457,-1.438507
ATTACCTAGACGGTCA_TSP6_Liver_NA_10X_1_2,5,13.630775,5.130719
GTGGAAGCACCGGCTA_TSP6_Liver_NA_10X_1_1,1,7.81623,6.365413
CTGTATTTCCGATTAG_TSP14_Liver_NA_10X_1_1,2,-2.4217339,4.7394032
TTAGGCAAGTATGACA_TSP6_Liver_NA_10X_1_2,1,8.730878,6.7578206
ACTGATGCACCTGCGA_TSP6_Liver_NA_10X_1_1,1,9.479687,7.5321875
GTAAGTCCAAGGGTCA_TSP14_Liver_NA_10X_2_1,6,7.85988,1.2785492
CCACGAGAGATACATG_TSP14_Liver_NA_10X_2_1,2,-1.9884927,4.0369096
TCATTTGTCGCGAAGA_TSP6_Liver_NA_10X_1_2,1,8.439655,6.486995
GGAGAACGTTACTCAG_TSP14_Liver_NA_10X_1_1,1,8.092522,7.2696033
CTGCGAGTCGATAACC_TSP6_Liver_NA_10X_1_2,1,8.478312,8.204202
TSP6_Liver_NA_SS2_L144735_B133819_Hepatocyte_F2_K3_L001,0,8.710875,3.3550084
CTCTCAGCATGGAGAC_TSP14_Liver_NA_10X_2_1,1,8.931229,8.714611
CCGTGAGAGTAGGATT_TSP14_Liver_NA_10X_2_1,3,4.173955,0.38194737
GCGTGCACAGGCACAA_TSP14_Liver_NA_10X_2_1,3,2.28777,-1.7309284
TSP6_Liver_NA_SS2_L144742_B133819_Hepatocyte_C8_F16_L001,1,7.5009327,6.282426
TGAATGCAGCAGGTCA_TSP6_Liver_NA_10X_1_2,1,6.7805758,6.3745985
GGACGTCCAGTCGTTA_TSP14_Liver_NA_10X_1_1,2,-0.8037213,5.879057
CGAGAAGCACGACGTC_TSP6_Liver_NA_10X_1_1,1,9.044773,9.734369
GTCTAGAGTCTTGAGT_TSP14_Liver_NA_10X_1_1,1,6.7406464,7.134999
CTCAGAATCGCATTGA_TSP14_Liver_NA_10X_1_1,3,4.8047347,-0.42913148
CATCCGTCACTCCCTA_TSP6_Liver_NA_10X_1_2,4,8.872345,13.13715
GCGGAAATCAGACCTA_TSP6_Liver_NA_10X_1_1,0,5.7307725,2.7627738
CATTTCATCGGATTAC_TSP6_Liver_NA_10X_1_1,0,7.6301665,3.3212442
GTCTACCTCCAAGGGA_TSP14_Liver_NA_10X_1_1,4,9.898077,13.107292
GTCATTTCAGTGAGCA_TSP6_Liver_NA_10X_1_2,5,14.153485,5.242198
TGTTTGTGTGTCCCTT_TSP6_Liver_NA_10X_1_1,1,7.78752,7.2407155
GTGTTAGAGAACTCCT_TSP14_Liver_NA_10X_1_1,3,4.3187957,-0.32539463
GAGCCTGTCCTGTTGC_TSP6_Liver_NA_10X_1_1,0,7.2091117,5.8888226
CTCAACCGTCCTGAAT_TSP6_Liver_NA_10X_1_1,0,6.8947883,3.9169636
GACTCTCAGGTAATCA_TSP6_Liver_NA_10X_1_2,0,7.2145185,5.3046203
TTTATGCTCAACGTGT_TSP14_Liver_NA_10X_1_1,3,4.8686705,0.8501109
TTCCGGTGTTGTTTGG_TSP14_Liver_NA_10X_2_1,3,4.1312275,-0.8734924
GTCCACTTCGGACTGC_TSP14_Liver_NA_10X_1_1,3,3.993007,-0.67664737
AGGCCACTCCTACGAA_TSP14_Liver_NA_10X_2_1,2,0.15738025,5.41901
GAGGCAAAGGGTCAAC_TSP14_Liver_NA_10X_1_1,3,3.6368935,-0.51822627
GGTTGTAGTATGAGCG_TSP6_Liver_NA_10X_1_2,1,7.2200284,6.7476964
TAACGACAGATTGCGG_TSP6_Liver_NA_10X_1_1,1,9.686867,8.474048
TTTGTTGGTTGTTGCA_TSP6_Liver_NA_10X_1_1,4,8.863558,12.333567
GGTGAAGTCGGCTCTT_TSP6_Liver_NA_10X_1_1,0,7.7028217,4.2980375
TAACACGGTGATGGCA_TSP14_Liver_NA_10X_1_1,6,8.27222,1.4051292
GTCAAACCAGTCAACT_TSP14_Liver_NA_10X_2_1,2,-1.0281202,5.7139616
GAACACTGTGTGATGG_TSP14_Liver_NA_10X_2_1,5,15.150663,4.943123
ACGTCCTCACTATCGA_TSP14_Liver_NA_10X_2_1,3,3.7004914,-1.7713817
TCGAACAAGAAACTAC_TSP6_Liver_NA_10X_1_2,5,13.142883,4.796837
AGTGTTGAGATGCTAA_TSP6_Liver_NA_10X_1_1,1,7.8414245,6.870677
GACGCTGAGGTTTACC_TSP14_Liver_NA_10X_2_1,2,-0.5783867,4.1965284
GTTTACTTCATACAGC_TSP14_Liver_NA_10X_2_1,3,3.5708528,-1.5134176
TGCCGAGCAATTCGTG_TSP6_Liver_NA_10X_1_2,4,9.553525,12.616901
GGTGTCGAGGACTATA_TSP14_Liver_NA_10X_2_1,5,14.51651,4.8110323
ACACAGTGTCCACAGC_TSP6_Liver_NA_10X_1_1,1,7.457147,6.4685354
CGCAGGTCATCGATAC_TSP14_Liver_NA_10X_1_1,2,-1.5740429,4.3212924
CTGCAGGTCCACGGGT_TSP6_Liver_NA_10X_1_2,1,8.729142,6.4204745
GTGAGTTCATGCTGCG_TSP6_Liver_NA_10X_1_1,0,6.9883323,5.5541477
GCAGCTGCATACACCA_TSP6_Liver_NA_10X_1_2,1,9.537065,8.421993
CCGATGGCAGAAACCG_TSP6_Liver_NA_10X_1_2,4,9.273318,11.8510275
TAGATCGTCTAAGGAA_TSP14_Liver_NA_10X_2_1,3,4.6735373,-1.1883012
GATAGCTGTGCCTTCT_TSP6_Liver_NA_10X_1_2,0,6.6121984,4.29016
CTGAGGCAGTGTACAA_TSP6_Liver_NA_10X_1_2,3,3.701805,-1.0730181
TCAAGCAGTTGCAAGG_TSP14_Liver_NA_10X_1_1,3,3.6803157,-0.21407005
TATTTCGAGCGCAATG_TSP6_Liver_NA_10X_1_1,4,9.196344,13.000503
CTTAGGAGTTCAAGTC_TSP6_Liver_NA_10X_1_1,0,6.914332,6.5075374
AATGAAGTCGAAGGAC_TSP6_Liver_NA_10X_1_1,1,9.688363,6.5273533
TCGGGTGTCTGAGGCC_TSP14_Liver_NA_10X_1_1,3,5.3036003,1.7994404
GGTCTGGGTCCGCAGT_TSP14_Liver_NA_10X_1_1,1,9.111222,9.210836
CAATCGACACCATAAC_TSP14_Liver_NA_10X_2_1,5,14.841585,5.4721184
GTCTCACTCGTAACAC_TSP6_Liver_NA_10X_1_2,1,8.2015085,8.464707
CTTGATTAGGACAAGA_TSP6_Liver_NA_10X_1_1,1,8.329134,9.435666
TGATCAGCAGAATTCC_TSP6_Liver_NA_10X_1_1,0,8.451956,4.619152
ATTGTTCAGACATCCT_TSP6_Liver_NA_10X_1_1,0,8.097236,5.1983023
ACCTGTCAGACACACG_TSP6_Liver_NA_10X_1_1,0,6.529133,4.3988667
CCCTCAAGTTGCATCA_TSP6_Liver_NA_10X_1_1,1,8.757388,8.852517
TATCTTGTCGTGACTA_TSP6_Liver_NA_10X_1_1,0,6.7973976,3.7864702
CCAATGACAAACACCT_TSP6_Liver_NA_10X_1_1,0,6.1611934,5.738563
CTACATTGTCACCGCA_TSP6_Liver_NA_10X_1_1,0,9.295377,5.008732
AGAGAATAGGGTTGCA_TSP6_Liver_NA_10X_1_1,0,6.655484,5.241384
GTTCCGTGTATCACCA_TSP14_Liver_NA_10X_2_1,6,7.8612204,1.2591299
GCTGGGTAGCCGAATG_TSP6_Liver_NA_10X_1_1,0,7.8547497,5.0636835
AACCATGCAACCTAAC_TSP14_Liver_NA_10X_1_1,2,-0.106539145,5.9703484
TGGTAGTGTTGCGGCT_TSP14_Liver_NA_10X_1_1,3,4.6517234,-0.018027406
CCGGTGATCCAGTACA_TSP6_Liver_NA_10X_1_1,0,6.5879865,3.3689196
CGACAGCGTTGCTCCT_TSP6_Liver_NA_10X_1_2,1,8.271408,9.239201
GTAACCAGTCCCGTGA_TSP6_Liver_NA_10X_1_2,1,9.078446,7.4843073
CCGAACGCAATTCTTC_TSP14_Liver_NA_10X_2_1,0,7.0728183,5.7591114
CTGGACGCAGCGACCT_TSP6_Liver_NA_10X_1_1,0,6.186015,3.6973863
TACTTACTCTGGACCG_TSP6_Liver_NA_10X_1_1,1,7.9253287,6.9489
TCAAGTGCACAACGTT_TSP14_Liver_NA_10X_1_1,3,2.6055348,-0.9454811
CAGGGCTAGTCGCGAA_TSP6_Liver_NA_10X_1_1,0,7.3859005,4.122804
AGGATAAAGCCATCCG_TSP14_Liver_NA_10X_1_1,3,4.4572134,0.23150097
ATGTCCCCATCGCTAA_TSP6_Liver_NA_10X_1_1,1,7.4024906,7.430364
GGTGGCTCAACTACGT_TSP6_Liver_NA_10X_1_1,0,5.8217273,3.6069565
AGGTGTTTCAATCTCT_TSP6_Liver_NA_10X_1_2,4,8.950342,12.0790615
TSP6_Liver_NA_SS2_Blue_B133704_Kupffer_H13_S181,3,5.4315395,0.36721084
CATTCATGTACTGCCG_TSP6_Liver_NA_10X_1_2,1,8.323013,8.48588
GAATCGTTCCATTTCA_TSP6_Liver_NA_10X_1_2,0,7.268197,5.2618103
CTGTATTGTGCCGTAC_TSP6_Liver_NA_10X_1_1,0,6.480721,3.2590976
TGCGATATCTGCTCTG_TSP14_Liver_NA_10X_1_1,3,4.0167694,-1.7437214
TGGGAGATCTAGCAAC_TSP6_Liver_NA_10X_1_1,0,7.738161,4.910605
GGGACAAAGGACACTG_TSP14_Liver_NA_10X_2_1,3,2.2848573,-1.7817607
AGACAGGAGTAGAATC_TSP14_Liver_NA_10X_2_1,3,4.665632,0.08969606
TAGGAGGGTATGAGCG_TSP6_Liver_NA_10X_1_1,1,7.6135,7.1125264
GTTGTAGTCATTTCGT_TSP14_Liver_NA_10X_1_1,2,-0.64585227,5.097714
TCACGCTGTGACATCT_TSP14_Liver_NA_10X_1_1,1,6.2707396,7.1326933
GTAACCAGTGCATTTG_TSP14_Liver_NA_10X_1_1,2,-2.5069778,4.488527
AACCCAATCTCGTTTA_TSP6_Liver_NA_10X_1_1,1,7.902515,8.180132
TGCATCCTCTCGGCTT_TSP6_Liver_NA_10X_1_2,1,9.183599,9.056705
GTGTCCTGTCATCCGG_TSP14_Liver_NA_10X_1_1,3,5.267805,0.5797706
TSP6_Liver_NA_SS2_L144744_B133819_Hepatocyte_F3_L5_L001,0,6.602183,2.9567208
GTGCTTCAGTAGCCAG_TSP6_Liver_NA_10X_1_1,0,5.653347,3.1515424
ACGTAGTCAATTGCGT_TSP14_Liver_NA_10X_2_1,3,3.4406066,-1.3739371
GTCCCATAGGTTGGAC_TSP14_Liver_NA_10X_2_1,3,4.884865,-0.91918427
ACCTACCTCGCTAAAC_TSP6_Liver_NA_10X_1_1,5,13.478543,5.2755284
AAGTTCGGTTATCCAG_TSP14_Liver_NA_10X_1_1,3,3.898307,0.13614373
TATCAGGTCAAGGACG_TSP6_Liver_NA_10X_1_1,0,6.426441,3.712519
TCGACGGGTGGTCTCG_TSP6_Liver_NA_10X_1_1,1,6.425712,7.5610404
GTAGTACCAAGCGCTC_TSP14_Liver_NA_10X_2_1,2,0.6352155,6.2461786
TCGAAGTAGGCAATGC_TSP14_Liver_NA_10X_1_1,3,2.4433763,-1.5864744
ACTGTCCGTTCTCACC_TSP6_Liver_NA_10X_1_2,5,13.230535,4.6695075
CACGAATTCCAAACCA_TSP6_Liver_NA_10X_1_2,0,8.034211,4.3155303
CCAATTTGTTCATCGA_TSP6_Liver_NA_10X_1_1,1,8.955777,9.313493
CTCCCTCAGGTCACAG_TSP6_Liver_NA_10X_1_1,1,9.050997,6.9218135
CCCATTGAGATGGTAT_TSP6_Liver_NA_10X_1_2,0,7.0677304,4.801834
TATCCTAAGAGCTGCA_TSP6_Liver_NA_10X_1_1,4,9.17821,11.754269
AATCACGCAAGCGATG_TSP14_Liver_NA_10X_2_1,2,-1.2237235,5.01556
ACGTACAGTCTTGTCC_TSP6_Liver_NA_10X_1_1,1,9.139796,8.001335
AGCGTATTCATTTACC_TSP14_Liver_NA_10X_1_1,2,-1.0488083,4.087791
GTCTGTCAGCTGACCC_TSP6_Liver_NA_10X_1_1,0,7.2427225,5.792468
CTAACCCCAGTAACAA_TSP14_Liver_NA_10X_2_1,3,4.198969,-1.348225
CTGTACCAGCGCATCC_TSP14_Liver_NA_10X_2_1,3,2.3152432,-0.84284425
TTGCGTCGTCAACACT_TSP6_Liver_NA_10X_1_1,0,7.7309923,4.1107173
TCCCAGTCAATCGTCA_TSP14_Liver_NA_10X_1_1,4,9.140652,12.188058
TGTGTGAGTATCACGT_TSP6_Liver_NA_10X_1_2,0,7.7828145,6.431752
TGTTTGTCAATTCTTC_TSP6_Liver_NA_10X_1_1,0,7.8466716,5.632197
CATGCGGTCGCTCATC_TSP6_Liver_NA_10X_1_1,1,8.189192,6.168948
TCATACTGTTCGAGCC_TSP14_Liver_NA_10X_2_1,6,8.059379,1.3612044
AAATGGATCGGATACT_TSP6_Liver_NA_10X_1_1,5,13.004833,5.203518
GGGACAATCAGGTGTT_TSP6_Liver_NA_10X_1_1,1,7.7632475,6.9464808
CCTCAGTCAGTCAGTT_TSP6_Liver_NA_10X_1_2,1,6.6892834,6.3256035
GTACAGTCAAGTATAG_TSP14_Liver_NA_10X_2_1,6,8.509499,1.2031039
CCACGAGCACAAATGA_TSP6_Liver_NA_10X_1_2,1,8.369525,7.7449746
TGATCAGGTGGCGTAA_TSP6_Liver_NA_10X_1_2,0,6.618935,4.941554
GAGGGATTCGTTCATT_TSP14_Liver_NA_10X_2_1,2,-1.3051478,4.6041465
CTACTATAGCGGTATG_TSP14_Liver_NA_10X_1_1,1,9.842248,7.2861814
GAGTCATCACCTGCGA_TSP6_Liver_NA_10X_1_1,5,12.813917,6.2417893
TTGACCCAGACGCATG_TSP14_Liver_NA_10X_1_1,2,-0.8347479,5.482634
CCGAACGAGTAGTCCT_TSP14_Liver_NA_10X_2_1,3,2.8929393,-1.2739393
GTCGAATAGGAAGTGA_TSP6_Liver_NA_10X_1_1,0,7.538705,4.2395325
ACCTGAACAATTCTTC_TSP6_Liver_NA_10X_1_1,0,8.985123,5.743575
TAAGTCGCAAAGAACT_TSP6_Liver_NA_10X_1_1,0,6.019335,3.0122538
CCCATTGCAGTGAGCA_TSP14_Liver_NA_10X_2_1,2,-0.21165134,5.413932
CTATCCGCAAGCTGCC_TSP14_Liver_NA_10X_2_1,1,7.204805,8.553679
TCTCCGACACAGCCAC_TSP6_Liver_NA_10X_1_2,1,8.535136,8.965403
CATCAAGTCATTACGG_TSP6_Liver_NA_10X_1_1,5,12.864043,5.404667
CGAATTGAGGTTACCT_TSP14_Liver_NA_10X_1_1,2,-2.2180824,4.7496943
CGGCAGTGTAGATCGG_TSP14_Liver_NA_10X_2_1,1,9.371388,6.352938
GAAGAATAGGTTCAGG_TSP14_Liver_NA_10X_1_1,3,4.477285,0.2339024
GCTGAATTCTGTCGCT_TSP6_Liver_NA_10X_1_2,1,8.600847,8.273328
GGGAGATAGAGTCCGA_TSP6_Liver_NA_10X_1_1,1,6.8242373,7.0682526
CGGCAGTTCTCCACTG_TSP14_Liver_NA_10X_1_1,1,8.541687,7.686801
GTTCTATAGGTTGACG_TSP6_Liver_NA_10X_1_2,1,9.184343,6.4571447
TGCTCCAGTACGACTT_TSP14_Liver_NA_10X_2_1,5,14.723026,5.1082926
GCATTAGTCCATTGGA_TSP6_Liver_NA_10X_1_1,0,5.8939776,5.059468
ACTCCCAAGGTGAGAA_TSP6_Liver_NA_10X_1_1,1,8.162954,6.9100976
CTGTGAACAAACTAGA_TSP14_Liver_NA_10X_1_1,3,2.8093433,-1.516838
CATACCCTCACATTGG_TSP14_Liver_NA_10X_2_1,2,-0.82988167,4.124846
ATCCATTAGGCTTCCG_TSP6_Liver_NA_10X_1_1,1,7.7091312,7.705731
GCCAACGGTGCATTTG_TSP14_Liver_NA_10X_1_1,5,15.034901,4.848974
GGGACAACATGGTACT_TSP14_Liver_NA_10X_2_1,3,3.6089914,-2.070391
ATAGAGATCGAGAACG_TSP6_Liver_NA_10X_1_1,1,8.160106,9.064293
TTACAGGGTTGTAGCT_TSP6_Liver_NA_10X_1_1,4,8.811127,11.570018
GGAATCTCACTTACAG_TSP6_Liver_NA_10X_1_2,1,8.194759,5.979953
AGATGCTAGAAGCTGC_TSP6_Liver_NA_10X_1_1,0,8.40503,4.7566214
TACCGAACAGGGACTA_TSP14_Liver_NA_10X_2_1,2,-0.7030335,5.3289394
AACCTGATCTCGCAGG_TSP14_Liver_NA_10X_1_1,2,-1.960458,4.7364554
ATTCCTATCTTCACGC_TSP6_Liver_NA_10X_1_2,1,8.907157,9.729555
GTTACAGGTCAAACGG_TSP6_Liver_NA_10X_1_1,0,6.2525015,4.0613327
TCATATCGTAGCGCCT_TSP14_Liver_NA_10X_2_1,3,4.3861046,-1.6011914
CATGGTACAATCACGT_TSP6_Liver_NA_10X_1_1,1,9.272454,5.7835474
CTTTCAATCCAGCACG_TSP14_Liver_NA_10X_1_1,3,4.5477586,1.0606601
AGTCACAGTCCCGCAA_TSP6_Liver_NA_10X_1_1,3,3.2729845,-0.9927081
GATTTCTCAACTGTGT_TSP6_Liver_NA_10X_1_1,1,7.574631,6.216054
TTGTTTGCAAATCGGG_TSP14_Liver_NA_10X_2_1,0,8.441904,4.8220544
TGTTTGTAGAGAGGGC_TSP14_Liver_NA_10X_1_1,3,5.074335,1.5884868
CTGTACCCAACCAACT_TSP14_Liver_NA_10X_1_1,2,-2.557573,4.372043
CTCCTTTAGGTCTACT_TSP14_Liver_NA_10X_2_1,2,-1.4931463,5.1238613
GTCGAATCACTGAGGA_TSP6_Liver_NA_10X_1_1,1,9.285639,6.6961336
GGTGTTACATTATGCG_TSP14_Liver_NA_10X_2_1,3,4.461412,-1.3535448
ACAAAGAGTGACATCT_TSP14_Liver_NA_10X_1_1,3,4.773425,0.73824215
GTATTGGCAACTGGTT_TSP6_Liver_NA_10X_1_1,1,8.4103155,5.776737
CATTGCCCAATACGCT_TSP14_Liver_NA_10X_2_1,0,9.298384,5.665019
GCACATACAATCGAAA_TSP6_Liver_NA_10X_1_1,4,9.019389,11.344335
GTCTCACAGATACCAA_TSP6_Liver_NA_10X_1_2,0,5.9618397,3.9070876
CATGCCTAGGAATCGC_TSP6_Liver_NA_10X_1_2,0,5.6906238,5.161517
TGTCAGATCATCCCGT_TSP14_Liver_NA_10X_2_1,2,-0.8185204,4.377594
GGGCTCAAGGACAGCT_TSP6_Liver_NA_10X_1_2,1,9.435558,7.0813413
TTGACCCGTAGGATAT_TSP14_Liver_NA_10X_1_1,3,2.9485433,-1.2597153
CAATGACGTAGCCAGA_TSP14_Liver_NA_10X_2_1,2,-0.7642892,5.2546725
AACCAACCATTGACTG_TSP14_Liver_NA_10X_1_1,2,-0.47750208,4.278593
TGATGGTGTAGCCCTG_TSP6_Liver_NA_10X_1_1,1,9.461,7.185521
TSP6_Liver_NA_SS2_Blue_B133704_Kupffer_O3_S339,0,8.911692,3.7487586
AGACAGGTCTACCTTA_TSP14_Liver_NA_10X_1_1,2,-0.8122429,4.813397
CTCCACACACCGTGGT_TSP14_Liver_NA_10X_2_1,5,14.914829,5.269921
AAGGAATAGTGGTTGG_TSP6_Liver_NA_10X_1_1,5,13.46372,5.432219
GACTCAATCGGATAAA_TSP14_Liver_NA_10X_1_1,3,4.088906,-0.22561672
CTGAATGGTTCGGTAT_TSP6_Liver_NA_10X_1_2,1,9.363078,7.378994
CGGAACCAGAGTTGAT_TSP14_Liver_NA_10X_2_1,3,3.9353113,-0.9619596
TGATGGTCAATCTGCA_TSP14_Liver_NA_10X_1_1,3,4.432768,0.832214
GAAGCGACACTACACA_TSP6_Liver_NA_10X_1_1,0,7.7510805,3.3076248
CCCTAACGTCGAATGG_TSP6_Liver_NA_10X_1_1,0,6.975196,4.1650596
CCCGAAGAGAGAGGGC_TSP6_Liver_NA_10X_1_1,0,6.3235803,5.5599184
GATAGAAAGCAGCCTC_TSP14_Liver_NA_10X_2_1,2,-2.6212962,4.7061825
CAGATTGAGTTCCATG_TSP6_Liver_NA_10X_1_1,1,9.469984,7.71059
GAGGCCTGTGATATAG_TSP14_Liver_NA_10X_2_1,4,10.048606,13.0527525
ATCACAGCACATGGTT_TSP14_Liver_NA_10X_1_1,3,3.4339771,-1.8114252
TSP6_Liver_NA_SS2_Blue_B133704_Kupffer_B3_S27,2,0.45990238,5.428972
GTCCACTTCGCTGTCT_TSP6_Liver_NA_10X_1_1,0,5.530034,3.9848285
GGGCTACAGGTTGCCC_TSP14_Liver_NA_10X_1_1,3,4.3682666,-0.2736692
AATTTCCGTTGCTCGG_TSP14_Liver_NA_10X_2_1,3,4.9230337,0.5986191
CAGCAATTCGTAGGGA_TSP6_Liver_NA_10X_1_1,1,7.580073,7.53318
TCAAGACTCTGAGTCA_TSP6_Liver_NA_10X_1_1,0,5.6438193,4.6196256
GGGCTACAGTTGCATC_TSP6_Liver_NA_10X_1_1,4,8.9270315,11.468188
GCTGAATAGCTGTACT_TSP14_Liver_NA_10X_2_1,2,-1.755861,4.232966
TAGATCGCAGCACACC_TSP14_Liver_NA_10X_1_1,2,-1.5369267,4.3619714
GCGTGCATCCGACGGT_TSP6_Liver_NA_10X_1_2,0,5.684985,2.9953613
CAATCGATCATACGGT_TSP6_Liver_NA_10X_1_1,0,8.4901085,5.0673094
AGAGCCCAGGTAAGGA_TSP6_Liver_NA_10X_1_1,0,6.581289,3.508332
GTACAGTCATCAGCTA_TSP14_Liver_NA_10X_1_1,6,7.880577,1.57818
AAGACTCCACATCCCT_TSP6_Liver_NA_10X_1_2,4,9.771951,12.188141
CAGCACGTCATAGACC_TSP6_Liver_NA_10X_1_2,0,5.918225,5.1476088
ATTCATCCAGACACAG_TSP6_Liver_NA_10X_1_1,0,6.801774,3.725638
AAGTGAATCTATTCGT_TSP14_Liver_NA_10X_1_1,2,-2.4788501,5.2399325
CCTACGTCAGCAGTTT_TSP6_Liver_NA_10X_1_1,5,12.460408,6.0039
GTGCGTGCAGGAACCA_TSP6_Liver_NA_10X_1_2,0,5.998807,4.3632193
TGCATGATCTATCGTT_TSP14_Liver_NA_10X_2_1,2,-0.049886413,5.153166
GTAGGTTCAGTAGAAT_TSP14_Liver_NA_10X_2_1,4,9.618291,13.219082
GCCATGGAGCAGCGAT_TSP14_Liver_NA_10X_2_1,2,-2.183172,4.030532
AGTGCCGTCGACGTCG_TSP14_Liver_NA_10X_1_1,2,-2.3401825,4.9279857
GTGATGTAGTGCGACA_TSP6_Liver_NA_10X_1_1,0,6.856482,4.8647447
AACCCAACATGAAAGT_TSP14_Liver_NA_10X_1_1,2,-1.7595186,5.0040727
TGAATGCGTCATATGC_TSP6_Liver_NA_10X_1_2,5,13.151421,4.9149513
TSP6_Liver_NA_SS2_L144734_B114853_Hepatocyte_D7_D13_L001,0,8.6889515,3.4774573
GGCAGTCGTCATATGC_TSP6_Liver_NA_10X_1_1,0,8.505432,5.4485974
TATGTTCAGCAGGCTA_TSP14_Liver_NA_10X_1_1,1,8.629403,6.1008506
AATGACCAGACTAAGT_TSP14_Liver_NA_10X_2_1,2,0.40632895,5.785071
TSP6_Liver_NA_SS2_L144744_B133819_Hepatocyte_H9_P17_L001,0,8.84106,3.520019
CAACGATTCGTAGAGG_TSP6_Liver_NA_10X_1_2,1,8.780054,7.0521393
GGACGTCTCTGTCGTC_TSP6_Liver_NA_10X_1_1,1,7.532455,7.5000243
TCCCATGAGAGTCCGA_TSP6_Liver_NA_10X_1_1,1,8.804335,9.093967
AGGGCCTAGTGATAAC_TSP6_Liver_NA_10X_1_2,1,9.056652,9.53845
AATCACGCAGACCGCT_TSP14_Liver_NA_10X_1_1,3,3.3693411,-1.8463753
ATTCCTACACATGTTG_TSP14_Liver_NA_10X_1_1,2,-1.4488273,4.2203712
CTCTGGTAGATACATG_TSP6_Liver_NA_10X_1_2,1,8.629523,8.112602
GACTCTCAGGCAGCTA_TSP6_Liver_NA_10X_1_2,5,13.927964,5.5100603
TCAGGTATCTTCGGTC_TSP6_Liver_NA_10X_1_1,0,6.0997634,3.763632
TCGTAGAAGATTCGAA_TSP14_Liver_NA_10X_1_1,0,7.568212,5.090792
GAGAAATTCGCGCCAA_TSP6_Liver_NA_10X_1_1,4,9.568862,12.044742
GTCTTTACAACAAAGT_TSP6_Liver_NA_10X_1_1,0,6.560123,3.8010175
TCCATGCAGCATGCAG_TSP6_Liver_NA_10X_1_1,0,6.087366,4.6645603
CAATCGAAGGCTCACC_TSP6_Liver_NA_10X_1_1,0,8.018655,5.5751257
CCCATTGTCCACTGGG_TSP6_Liver_NA_10X_1_2,1,9.091594,8.680006
TCCGTGTCATGTAACC_TSP6_Liver_NA_10X_1_1,1,8.225337,6.1620903
CGTAGTAAGAGAATCT_TSP6_Liver_NA_10X_1_1,0,7.280541,4.5988603
GGAGAACAGGGTCACA_TSP14_Liver_NA_10X_2_1,3,4.598213,-0.9193112
AAAGGATCATCGGAAG_TSP6_Liver_NA_10X_1_1,0,7.876996,5.807268
TCGCTTGAGCTGACTT_TSP6_Liver_NA_10X_1_2,1,8.05398,6.925529
TCCTAATGTAAGTTAG_TSP14_Liver_NA_10X_2_1,2,0.034429133,4.8675165
TGTTGGATCCGATAAC_TSP14_Liver_NA_10X_1_1,3,4.8207803,0.7271425
ATGCGATCAAGGGCAT_TSP6_Liver_NA_10X_1_1,5,13.080789,5.8684716
TCAGGGCAGCTACTGT_TSP6_Liver_NA_10X_1_1,4,9.82731,11.830221
CTCATGCCAAGCCATT_TSP6_Liver_NA_10X_1_2,4,8.639637,12.538429
CTGGACGGTCGTTCAA_TSP6_Liver_NA_10X_1_2,4,9.133098,12.77416
AATGAAGCAGCACAGA_TSP6_Liver_NA_10X_1_1,4,9.139402,11.441349
TGGTGATGTTGCATTG_TSP6_Liver_NA_10X_1_2,1,7.440081,6.07251
ACCTACCAGGTCATTC_TSP6_Liver_NA_10X_1_1,0,6.2277393,4.9316916
ACAGCCGGTCTCCCTA_TSP6_Liver_NA_10X_1_2,0,8.493489,5.21511
ACACGCGAGCCTGGAA_TSP14_Liver_NA_10X_2_1,3,5.463197,2.1904821
TCGATTTAGCAATTAG_TSP6_Liver_NA_10X_1_2,5,13.124869,4.543276
GGGTAGAGTGACGCCT_TSP14_Liver_NA_10X_2_1,1,8.476083,8.795285
TCCCATGGTGGTGATG_TSP6_Liver_NA_10X_1_2,4,9.2580595,12.495763
CCCGAAGCACCAATTG_TSP6_Liver_NA_10X_1_1,0,6.9276686,5.598077
TGAGTCATCCCAAGTA_TSP6_Liver_NA_10X_1_1,5,12.563827,5.7414064
TCTTCCTAGTGGTCAG_TSP6_Liver_NA_10X_1_2,0,5.325451,4.2651916
GACCAATCATTGACTG_TSP6_Liver_NA_10X_1_1,0,8.40605,3.9365566
GATTCTTGTAAGACCG_TSP6_Liver_NA_10X_1_1,0,9.116479,5.208311
TTCCGTGAGGCTTAGG_TSP6_Liver_NA_10X_1_1,0,7.7617183,4.9108877
CATCGGGGTCAGATTC_TSP6_Liver_NA_10X_1_1,4,9.097639,12.233503
CGGACACGTTGGGACA_TSP6_Liver_NA_10X_1_1,0,5.8389215,3.6135132
CGAGTGCTCACTCCGT_TSP6_Liver_NA_10X_1_1,1,9.091441,7.0993514
TCACATTCACAAGGTG_TSP14_Liver_NA_10X_1_1,3,2.790662,-1.9926469
AGGGTCCAGCGCCTCA_TSP6_Liver_NA_10X_1_1,0,6.7864833,3.3431845
CTTCCGAAGTCACTAC_TSP14_Liver_NA_10X_2_1,2,0.04185329,5.00743
GGTGGCTTCTCCGTGT_TSP14_Liver_NA_10X_2_1,2,-0.015331601,5.538024
AGTTCCCTCTCTCCGA_TSP6_Liver_NA_10X_1_1,1,8.039366,7.9083624
GAAGGACGTACTCGCG_TSP14_Liver_NA_10X_2_1,2,-2.5472956,4.0024853
TCGGGCATCCACACAA_TSP6_Liver_NA_10X_1_2,1,9.29128,6.7313857
CAGGCCAAGTATTCCG_TSP14_Liver_NA_10X_1_1,2,-1.254232,4.645378
TTCCACGCAACGTATC_TSP14_Liver_NA_10X_1_1,2,-0.2951996,6.1686153
TATATCCCAAAGCTCT_TSP6_Liver_NA_10X_1_1,5,13.285549,5.3756886
CTAAGTGTCTTGCAGA_TSP14_Liver_NA_10X_2_1,3,5.7749567,2.3730454
GGGACAACAGCGTATT_TSP14_Liver_NA_10X_2_1,1,9.128892,8.816237
CACTGGGGTGGAACCA_TSP14_Liver_NA_10X_2_1,1,8.527864,9.551073
TCCACCAGTGCGACAA_TSP6_Liver_NA_10X_1_1,0,7.803402,3.4811745
TTCACCGAGGGTTGCA_TSP6_Liver_NA_10X_1_2,0,5.386675,3.5781488
GCTGAATCACGTAGAG_TSP14_Liver_NA_10X_1_1,3,3.9150395,-2.0055532
AAGTACCGTAAGAACT_TSP14_Liver_NA_10X_2_1,2,-1.1365789,5.8676906
TCGGATAAGTCCTACA_TSP14_Liver_NA_10X_1_1,2,-0.34328768,4.4400134
CATTGAGGTAGCGAGT_TSP6_Liver_NA_10X_1_2,0,7.2646856,4.6271887
GTGTTAGTCTACCCAC_TSP6_Liver_NA_10X_1_1,0,6.4875636,5.2829113
TCCCAGTAGCGCCTCA_TSP6_Liver_NA_10X_1_2,1,8.618328,8.815128
GCCATGGAGCATCTTG_TSP6_Liver_NA_10X_1_2,4,8.436349,12.346797
AGTGTTGGTTCCACAA_TSP6_Liver_NA_10X_1_1,1,7.9973598,6.174578
AACAGGGCAATTGCAC_TSP6_Liver_NA_10X_1_1,1,8.158442,6.951138
AGCGCCAGTATAATGG_TSP6_Liver_NA_10X_1_1,0,8.987596,5.1606293
TGTAGACAGTGATTCC_TSP6_Liver_NA_10X_1_1,1,7.8250756,8.251525
TTACTGTCACGTAGAG_TSP6_Liver_NA_10X_1_1,1,8.889045,7.9652395
CTAGGTAAGTTGTAGA_TSP14_Liver_NA_10X_1_1,5,14.737878,4.729982
TCTCAGCTCCTACAAG_TSP14_Liver_NA_10X_1_1,2,-0.3461428,5.753902
TGAGGTTCATACCAGT_TSP14_Liver_NA_10X_2_1,3,2.0796878,-0.76085615
CCGTGAGGTCTTCGAA_TSP14_Liver_NA_10X_1_1,1,7.011671,7.596873
CCTCAGTTCTTTCAGT_TSP6_Liver_NA_10X_1_1,5,13.356373,5.1352525
AATGGCTAGCCAACCC_TSP14_Liver_NA_10X_1_1,2,-1.6247269,4.943446
CATCCACCAAAGGTTA_TSP6_Liver_NA_10X_1_1,0,7.2215853,3.8283656
TCCCAGTAGTGAGGTC_TSP6_Liver_NA_10X_1_1,1,9.077124,5.4582276
TCGGATATCATTCATC_TSP6_Liver_NA_10X_1_1,1,8.442044,7.540193
TGCTTGCTCTCTTGCG_TSP14_Liver_NA_10X_1_1,3,2.5944583,-0.18168674
TGAGACTAGCCGGAAT_TSP6_Liver_NA_10X_1_1,0,6.6999903,4.731593
CCCTAACTCGTGCACG_TSP6_Liver_NA_10X_1_1,1,8.50001,6.2775245
ATCGCCTCAGTCGAGA_TSP14_Liver_NA_10X_1_1,5,14.042965,5.172675
AGAAGTATCAGGGATG_TSP6_Liver_NA_10X_1_1,1,7.239796,8.454218
CGGACACAGCTCCACG_TSP14_Liver_NA_10X_2_1,3,2.241755,-1.6710709
ACACAGTTCTCAAAGC_TSP14_Liver_NA_10X_2_1,2,-1.0048414,5.6638455
ATCTCTATCCTTCTAA_TSP14_Liver_NA_10X_1_1,2,-0.50002337,5.7072763
CAGTGCGGTTCGATTG_TSP6_Liver_NA_10X_1_2,0,9.01132,4.886836
AACACACTCCGTCACT_TSP6_Liver_NA_10X_1_1,0,6.715627,4.689102
TCACAAGTCTTTCCAA_TSP6_Liver_NA_10X_1_1,0,7.276527,3.8834934
CTTCTCTGTGAGCCAA_TSP14_Liver_NA_10X_2_1,3,3.33365,-1.8344684
TCCCACAGTCTACATG_TSP14_Liver_NA_10X_2_1,5,14.692896,5.3516746
AGAAGTACAGGCTACC_TSP6_Liver_NA_10X_1_2,0,8.839528,4.871013
TCACTATCAACCACAT_TSP14_Liver_NA_10X_2_1,2,-1.5214851,5.2064767
GACTGATCACTGATTG_TSP14_Liver_NA_10X_1_1,3,5.4780626,1.8606073
TSP6_Liver_NA_SS2_L144735_B133819_Hepatocyte_G3_M5_L001,4,9.981542,12.453556
CTCAAGATCGACCAAT_TSP6_Liver_NA_10X_1_1,4,9.505408,13.260882
AGCTCAACAATTGAGA_TSP14_Liver_NA_10X_1_1,2,-1.8545941,4.892689
ACGGAAGTCGTTCTAT_TSP14_Liver_NA_10X_1_1,3,4.263126,-1.555002
AGTCACATCCCGTGAG_TSP6_Liver_NA_10X_1_1,5,12.67091,6.1585817
CCACAAACACTCGATA_TSP6_Liver_NA_10X_1_1,4,9.412111,11.878959
TCATTCACAGTATACC_TSP14_Liver_NA_10X_2_1,3,3.5756164,-0.62968504
TCCTTTCAGCGGTAGT_TSP6_Liver_NA_10X_1_1,0,7.300434,3.7030182
CGGACACTCATTGTGG_TSP6_Liver_NA_10X_1_2,2,-1.0497304,5.4644403
GTCAGCGAGTGAGGTC_TSP14_Liver_NA_10X_2_1,3,3.2462943,-1.5000331
CTAGACAGTCGCCTAG_TSP6_Liver_NA_10X_1_1,0,6.6001225,3.333152
GTCTTTATCGAACCAT_TSP6_Liver_NA_10X_1_1,4,9.743671,12.506979
TSP6_Liver_NA_SS2_L144737_B114853_Hepatocyte_A5_I9_L001,0,8.779198,3.5699394
GTCATTTCAGTGGTGA_TSP6_Liver_NA_10X_1_1,1,7.997158,9.22696
ACACAGTAGCTGTTCA_TSP14_Liver_NA_10X_1_1,2,-1.7440056,4.578996
CTATAGGAGGATACCG_TSP14_Liver_NA_10X_1_1,6,8.535947,1.3162384
TATTGCTTCTGGCCTT_TSP14_Liver_NA_10X_2_1,2,-1.8351579,5.651038
AATGAAGTCTAAGGAA_TSP6_Liver_NA_10X_1_1,2,-0.7643432,6.1378293
TGTCCTGTCAACCTTT_TSP6_Liver_NA_10X_1_1,4,9.651131,13.182963
TCGGGCACATAACTCG_TSP14_Liver_NA_10X_2_1,1,9.634094,8.158878
CCTATCGCAACGTTAC_TSP6_Liver_NA_10X_1_2,4,9.242627,12.658383
GCTGAATCAACTGCCG_TSP14_Liver_NA_10X_1_1,2,-0.49597248,4.517462
AGAAATGTCTTGGTGA_TSP6_Liver_NA_10X_1_1,0,6.3952312,2.9947195
CCTCTCCGTAATTGGA_TSP6_Liver_NA_10X_1_1,0,8.817474,4.7151756
ACTTCGCGTAAGCAAT_TSP6_Liver_NA_10X_1_1,1,8.412922,6.3059473
GTAGATCTCGTTGTAG_TSP14_Liver_NA_10X_1_1,1,8.833444,5.926669
